{
    "4cnn_64-8-1000-3-30-400-64_sampling_10_64__reset": [
        0.7655356526374817,
        0.9286536248561565
    ],
    "4cnn_64-8-1000-4-10-400-64_sampling_50_64__reset": [
        0.6542127132415771,
        0.034
    ],
    "4cnn_64-8-1000-4-20-300-64_sampling_50_64__reset": [
        0.6394713521003723,
        0.0
    ],
    "4cnn_64-8-1000-4-30-200-64_sampling_50_64__reset": [
        0.6078281998634338,
        0.101
    ],
    "4cnn_64-8-1000-4-20-300-64_sampling_10_64__reset": [
        0.664887547492981,
        0.265
    ],
    "4cnn_64-8-1000-4-10-400-64_sampling_10_64__reset": [
        0.649764895439148,
        0.016
    ],
    "4cnn_64-8-1000-3-20-300-42_sampling_10_64__reset": [
        0.7922226190567017,
        0.9344073647871116
    ],
    "4cnn_64-8-1000-3-10-300-64_sampling_10_64__reset": [
        0.7426610589027405,
        0.8699654775604143
    ],
    "4cnn_64-8-1000-3-50-200-64_sampling_10_64__reset": [
        0.7580378651618958,
        0.9804372842347526
    ],
    "4cnn_64-8-1000-5-20-200-42_sampling_50_64__reset": [
        0.5877494215965271,
        0.002
    ],
    "4cnn_64-8-1000-5-10-400-64_sampling_50_64__reset": [
        0.5744059085845947,
        0.0
    ],
    "4cnn_64-8-1000-4-30-200-64_sampling_10_64__reset": [
        0.6716228127479553,
        0.149
    ],
    "4cnn_64-8-1000-5-50-400-42_sampling_20_64__reset": [
        0.6178675889968872,
        0.063
    ],
    "4cnn_64-8-1000-5-100-300-64_sampling_20_64__reset": [
        0.7673147916793823,
        0.642
    ],
    "4cnn_64-8-1000-3-100-400-42_sampling_10_64__reset": [
        0.8035328388214111,
        0.9781357882623706
    ],
    "4cnn_64-8-1000-5-20-200-42_sampling_20_64__reset": [
        0.6082094311714172,
        0.0
    ],
    "4cnn_64-8-1000-5-30-300-64_sampling_20_64__reset": [
        0.6894141435623169,
        0.424
    ],
    "4cnn_64-8-1000-3-30-400-64_sampling_30_64__reset": [
        0.746473491191864,
        0.952819332566168
    ],
    "4cnn_64-8-1000-3-50-200-64_sampling_30_64__reset": [
        0.7988308668136597,
        0.9631760644418872
    ],
    "4cnn_64-8-1000-3-50-200-64_sampling_20_64__reset": [
        0.7814207673072815,
        0.9700805523590333
    ],
    "4cnn_64-8-1000-3-100-400-42_sampling_20_64__reset": [
        0.7444401979446411,
        0.9815880322209436
    ],
    "4cnn_64-8-1000-4-20-300-64_sampling_20_64__reset": [
        0.6674291491508484,
        0.019
    ],
    "4cnn_64-8-1000-4-10-400-64_sampling_20_64__reset": [
        0.6709874272346497,
        0.0
    ],
    "4cnn_64-8-1000-3-30-400-64_sampling_20_64__reset": [
        0.7823103070259094,
        0.953970080552359
    ],
    "4cnn_64-8-1000-3-20-300-42_sampling_20_64__reset": [
        0.7603253126144409,
        0.903337169159954
    ],
    "4cnn_64-8-1000-5-30-300-64_sampling_10_64__reset": [
        0.6722582578659058,
        0.0
    ],
    "4cnn_64-8-1000-5-50-400-42_sampling_10_64__reset": [
        0.7028847336769104,
        0.486
    ],
    "4cnn_64-8-1000-5-10-400-64_sampling_10_64__reset": [
        0.6118947863578796,
        0.0
    ],
    "4cnn_64-8-1000-5-20-200-42_sampling_10_64__reset": [
        0.7094929218292236,
        0.304
    ],
    "4cnn_64-8-1000-4-100-300-64_sampling_10_64__reset": [
        0.7548608183860779,
        0.663
    ],
    "4cnn_64-8-1000-4-50-400-42_sampling_10_64__reset": [
        0.676706075668335,
        0.542
    ],
    "4cnn_64-8-1000-3-10-300-64_sampling_20_64__reset": [
        0.7848519682884216,
        0.7917146144994246
    ],
    "4cnn_64-8-1000-5-100-300-64_sampling_10_64__reset": [
        0.7374507784843445,
        0.36
    ],
    "4cnn_64-8-1000-4-100-300-64_sampling_20_64__reset": [
        0.756131649017334,
        0.698
    ],
    "4cnn_64-8-1000-5-10-400-64_sampling_20_64__reset": [
        0.6129114031791687,
        0.0
    ],
    "4cnn_64-8-1000-5-50-400-42_sampling_30_64__reset": [
        0.7636294364929199,
        0.587
    ],
    "4cnn_64-8-1000-4-20-300-64_sampling_30_64__reset": [
        0.6258736848831177,
        0.034
    ],
    "4cnn_64-8-1000-5-30-300-64_sampling_30_64__reset": [
        0.6251112222671509,
        0.629
    ],
    "4cnn_64-8-1000-4-30-200-64_sampling_30_64__reset": [
        0.6664125323295593,
        0.439
    ],
    "4cnn_64-8-1000-4-50-400-42_sampling_30_64__reset": [
        0.7138137221336365,
        0.233
    ],
    "4cnn_64-8-1000-4-100-300-64_sampling_30_64__reset": [
        0.7355445623397827,
        0.545
    ],
    "4cnn_64-8-1000-5-30-300-64_sampling_50_64__reset": [
        0.5901639461517334,
        0.001
    ],
    "4cnn_64-8-1000-5-20-200-42_sampling_30_64__reset": [
        0.6257466077804565,
        0.0
    ],
    "4cnn_64-8-1000-5-100-300-64_sampling_30_64__reset": [
        0.7191510796546936,
        0.617
    ],
    "4cnn_64-8-1000-5-10-400-64_sampling_30_64__reset": [
        0.6225695610046387,
        0.0
    ],
    "4cnn_64-8-1000-3-30-400-64_sampling_50_64__reset": [
        0.7300800681114197,
        0.906789413118527
    ],
    "4cnn_64-8-1000-3-20-300-42_sampling_50_64__reset": [
        0.7638835906982422,
        0.9459148446490219
    ],
    "4cnn_64-8-1000-3-100-400-42_sampling_30_64__reset": [
        0.7745583653450012,
        0.9815880322209436
    ],
    "4cnn_64-8-1000-4-10-400-64_sampling_30_64__reset": [
        0.6685729026794434,
        0.133
    ],
    "4cnn_64-8-1000-4-30-200-64_sampling_20_64__reset": [
        0.7148303389549255,
        0.084
    ],
    "4cnn_64-8-1000-4-50-400-42_sampling_20_64__reset": [
        0.7693480849266052,
        0.524
    ],
    "4cnn_64-8-1000-3-20-300-42_sampling_30_64__reset": [
        0.7108908295631409,
        0.8135788262370541
    ],
    "4cnn_64-8-1000-3-10-300-64_sampling_30_64__reset": [
        0.7964163422584534,
        0.8722669735327964
    ],
    "4cnn_64-8-1000-3-100-400-42_sampling_50_64__reset": [
        0.7469817996025085,
        0.9781357882623706
    ],
    "4cnn_64-8-1000-3-50-200-64_sampling_50_64__reset": [
        0.788537323474884,
        0.9758342922899885
    ],
    "4cnn_64-8-1000-3-50-200-64_random_10_64__reset": [
        0.7534629702568054,
        0.9309551208285386
    ],
    "4cnn_64-8-1000-5-100-300-64_sampling_50_64__reset": [
        0.7377049326896667,
        0.437
    ],
    "4cnn_64-8-1000-4-100-300-64_random_10_64__reset": [
        0.7880289554595947,
        0.721
    ],
    "4cnn_64-8-1000-5-30-300-64_random_10_64__reset": [
        0.6098614931106567,
        0.003
    ],
    "4cnn_64-8-1000-3-10-300-64_random_20_64__reset": [
        0.7729063630104065,
        0.7917146144994246
    ],
    "4cnn_64-8-1000-5-20-200-42_random_30_64__reset": [
        0.6686999797821045,
        0.0
    ],
    "4cnn_64-8-1000-5-10-400-64_random_30_64__reset": [
        0.6167238354682922,
        0.0
    ],
    "4cnn_64-8-1000-3-20-300-42_random_50_64__reset": [
        0.7725250720977783,
        0.8895281933256617
    ],
    "4cnn_64-8-1000-3-30-400-64_random_50_64__reset": [
        0.808870255947113,
        0.9447640966628308
    ],
    "4cnn_64-8-1000-4-10-400-64_random_50_64__reset": [
        0.6857287883758545,
        0.0
    ],
    "4cnn_64-8-1000-4-20-300-64_random_50_64__reset": [
        0.6903037428855896,
        0.096
    ],
    "4cnn_64-8-1000-4-30-200-64_random_50_64__reset": [
        0.7284280061721802,
        0.357
    ],
    "4cnn_64-8-1000-5-10-400-64_random_50_64__reset": [
        0.6958953142166138,
        0.0
    ],
    "4cnn_64-8-1000-5-50-400-42_random_50_64__reset": [
        0.7515567541122437,
        0.263
    ],
    "4cnn_64-8-1000-5-100-300-64_random_50_64__reset": [
        0.7576566338539124,
        0.635
    ],
    "4cnn_64-8-1000-3-20-300-42_random_100_64__reset": [
        0.8120473027229309,
        0.9459148446490219
    ],
    "4cnn_64-8-1000-3-10-300-64_random_100_64__reset": [
        0.8168763518333435,
        0.956271576524741
    ],