{
    "random_uncertainty_50_42_": 0.7232176661491394,
    "random_uncertainty_50_64_": 0.7765917181968689,
    "random_uncertainty_50_65_": 0.769093930721283,
    "random_uncertainty_50_66_": 0.809759795665741,
    "random_uncertainty_50_67_": 0.7947642803192139,
    "random_uncertainty_100_42_": 0.7758291959762573,
    "random_uncertainty_100_64_": 0.8069640398025513,
    "random_uncertainty_100_65_": 0.770110547542572,
    "random_uncertainty_100_66_": 0.7798957824707031,
    "random_uncertainty_100_67_": 0.7157199382781982,
    "random_uncertainty_200_42_": 0.7129241228103638,
    "random_uncertainty_200_64_": 0.7577837109565735,
    "random_uncertainty_200_65_": 0.7438048124313354,
    "random_uncertainty_200_66_": 0.7744312882423401,
    "random_uncertainty_200_67_": 0.7265217900276184,
    "random_uncertainty_300_42_": 0.7773541808128357,
    "random_uncertainty_300_64_": 0.788283109664917,
    "random_uncertainty_300_65_": 0.8142076730728149,
    "random_uncertainty_300_66_": 0.8056932091712952,
    "random_uncertainty_300_67_": 0.7854873538017273,
    "random_uncertainty_500_42_": 0.7845978140830994,
    "random_uncertainty_500_64_": 0.8093785643577576,
    "random_uncertainty_500_65_": 0.7167365550994873,
    "random_uncertainty_500_66_": 0.7538442015647888,
    "random_uncertainty_500_67_": 0.7895539402961731,
    "random_uncertainty_1000_42_": 0.752827525138855,
    "random_uncertainty_1000_64_": 0.7119075059890747,
    "random_uncertainty_1000_65_": 0.7556233406066895,
    "random_uncertainty_1000_66_": 0.785233199596405,
    "random_uncertainty_1000_67_": 0.8065828084945679,
    "sampling_uncertainty_50_42_": 0.7527004480361938,
    "sampling_uncertainty_50_64_": 0.7854873538017273,
    "sampling_uncertainty_50_65_": 0.7685855627059937,
    "sampling_uncertainty_50_66_": 0.7576566338539124,
    "sampling_uncertainty_50_67_": 0.764646053314209,
    "sampling_uncertainty_100_42_": 0.732494592666626,
    "sampling_uncertainty_100_64_": 0.8194179534912109,
    "sampling_uncertainty_100_65_": 0.7946372032165527,
    "sampling_uncertainty_100_66_": 0.774304211139679,
    "sampling_uncertainty_100_67_": 0.6975473165512085,
    "sampling_uncertainty_200_42_": 0.7385944724082947,
    "sampling_uncertainty_200_64_": 0.7493963837623596,
    "sampling_uncertainty_200_65_": 0.7248697280883789,
    "sampling_uncertainty_200_66_": 0.770110547542572,
    "sampling_uncertainty_200_67_": 0.6925911903381348,
    "sampling_uncertainty_300_42_": 0.821578323841095,
    "sampling_uncertainty_300_64_": 0.7871394157409668,
    "sampling_uncertainty_300_65_": 0.8023891448974609,
    "sampling_uncertainty_300_66_": 0.8124285340309143,
    "sampling_uncertainty_300_67_": 0.811920166015625,
    "sampling_uncertainty_500_42_": 0.7856144309043884,
    "sampling_uncertainty_500_64_": 0.7445672750473022,
    "sampling_uncertainty_500_65_": 0.75397127866745,
    "sampling_uncertainty_500_66_": 0.7596899271011353,
    "sampling_uncertainty_500_67_": 0.8116660118103027,
    "sampling_uncertainty_1000_42_": 0.7999745607376099,
    "sampling_uncertainty_1000_64_": 0.723980188369751,
    "sampling_uncertainty_1000_65_": 0.770110547542572,
    "sampling_uncertainty_1000_66_": 0.7507942318916321,
    "sampling_uncertainty_1000_67_": 0.806709885597229,
    "sampling_entropy_50_42_": 0.7504130005836487,
    "sampling_entropy_50_64_": 0.7399923801422119,
    "sampling_entropy_50_65_": 0.7867581844329834,
    "sampling_entropy_50_66_": 0.7802770137786865,
    "sampling_entropy_50_67_": 0.8056932091712952,
    "sampling_entropy_100_42_": 0.7422798275947571,
    "sampling_entropy_100_64_": 0.760452389717102,
    "sampling_entropy_100_65_": 0.6979286074638367,
    "sampling_entropy_100_66_": 0.8020078539848328,
    "sampling_entropy_100_67_": 0.7732875943183899,
    "sampling_entropy_200_42_": 0.7295717597007751,
    "sampling_entropy_200_64_": 0.7642648220062256,
    "sampling_entropy_200_65_": 0.7417715191841125,
    "sampling_entropy_200_66_": 0.732494592666626,
    "sampling_entropy_200_67_": 0.7865040302276611,
    "sampling_entropy_300_42_": 0.8170034289360046,
    "sampling_entropy_300_64_": 0.7713813781738281,
    "sampling_entropy_300_65_": 0.8176388144493103,
    "sampling_entropy_300_66_": 0.8195450305938721,
    "sampling_entropy_300_67_": 0.7978141903877258,
    "sampling_entropy_500_42_": 0.8051849007606506,
    "sampling_entropy_500_64_": 0.7678231000900269,
    "sampling_entropy_500_65_": 0.8032786846160889,
    "sampling_entropy_500_66_": 0.7445672750473022,
    "sampling_entropy_500_67_": 0.8008641600608826,
    "sampling_entropy_1000_42_": 0.8081077933311462,
    "sampling_entropy_1000_64_": 0.6472232937812805,
    "sampling_entropy_1000_65_": 0.8092514872550964,
    "sampling_entropy_1000_66_": 0.7471089363098145,
    "sampling_entropy_1000_67_": 0.7553691864013672,
    "sampling_margin_50_42_": 0.7989579439163208,
    "sampling_margin_50_64_": 0.7787520885467529,
    "sampling_margin_50_65_": 0.816368043422699,
    "sampling_margin_50_66_": 0.7815478444099426,
    "sampling_margin_50_67_": 0.7851061224937439,
    "sampling_margin_100_42_": 0.7941288352012634,
    "sampling_margin_100_64_": 0.7425339818000793,
    "sampling_margin_100_65_": 0.7865040302276611,
    "sampling_margin_100_66_": 0.7814207673072815,
    "sampling_margin_100_67_": 0.7396111488342285,
    "sampling_margin_200_42_": 0.7022493481636047,
    "sampling_margin_200_64_": 0.7432965040206909,
    "sampling_margin_200_65_": 0.7478713989257812,
    "sampling_margin_200_66_": 0.7205489873886108,
    "sampling_margin_200_67_": 0.731605052947998,
    "sampling_margin_300_42_": 0.8069640398025513,
    "sampling_margin_300_64_": 0.7664251923561096,
    "sampling_margin_300_65_": 0.7350361943244934,
    "sampling_margin_300_66_": 0.8069640398025513,
    "sampling_margin_300_67_": 0.8037869930267334,
    "sampling_margin_500_42_": 0.7964163422584534,
    "sampling_margin_500_64_": 0.7468547224998474,
    "sampling_margin_500_65_": 0.8002287745475769,
    "sampling_margin_500_66_": 0.7562587261199951,
    "sampling_margin_500_67_": 0.7660439610481262,
    "sampling_margin_1000_42_": 0.7483797073364258,
    "sampling_margin_1000_64_": 0.7984496355056763,
    "sampling_margin_1000_65_": 0.8062015771865845,
    "sampling_margin_1000_66_": 0.8069640398025513,
    "sampling_margin_1000_67_": 0.7687126994132996,
    "full_uncertainty_500_42_": 0.8777481317520142,
    "full_uncertainty_500_64_": 0.7801499366760254,
    "full_uncertainty_500_65_": 0.7773541808128357,
    "full_uncertainty_500_66_": 0.8560172915458679,
    "full_uncertainty_500_67_": 0.8087431788444519
}