{
    "random_uncertainty_50_42__reset": 0.7730334401130676,
    "random_uncertainty_50_64__reset": 0.7680772542953491,
    "random_uncertainty_50_65__reset": 0.7875206470489502,
    "random_uncertainty_50_66__reset": 0.735798716545105,
    "random_uncertainty_50_67__reset": 0.7825645208358765,
    "random_uncertainty_100_42__reset": 0.7779895663261414,
    "random_uncertainty_100_64__reset": 0.7150844931602478,
    "random_uncertainty_100_65__reset": 0.779768705368042,
    "random_uncertainty_100_66__reset": 0.7466005682945251,
    "random_uncertainty_100_67__reset": 0.7462193369865417,
    "random_uncertainty_200_42__reset": 0.7237260341644287,
    "random_uncertainty_200_64__reset": 0.7167365550994873,
    "random_uncertainty_200_65__reset": 0.7130511999130249,
    "random_uncertainty_200_66__reset": 0.7241072654724121,
    "random_uncertainty_200_67__reset": 0.7201677560806274,
    "random_uncertainty_300_42__reset": 0.7828186750411987,
    "random_uncertainty_300_64__reset": 0.8256449103355408,
    "random_uncertainty_300_65__reset": 0.7627398371696472,
    "random_uncertainty_300_66__reset": 0.7990850210189819,
    "random_uncertainty_300_67__reset": 0.8143347501754761,
    "random_uncertainty_500_42__reset": 0.7933663725852966,
    "random_uncertainty_500_64__reset": 0.7913330793380737,
    "random_uncertainty_500_65__reset": 0.7101283669471741,
    "random_uncertainty_500_66__reset": 0.7962892651557922,
    "random_uncertainty_500_67__reset": 0.7556233406066895,
    "random_uncertainty_1000_42__reset": 0.7584190964698792,
    "random_uncertainty_1000_64__reset": 0.7710001468658447,
    "random_uncertainty_1000_65__reset": 0.7950184345245361,
    "random_uncertainty_1000_66__reset": 0.773414671421051,
    "random_uncertainty_1000_67__reset": 0.7377049326896667,
    "sampling_uncertainty_50_42__reset": 0.7398653030395508,
    "sampling_uncertainty_50_64__reset": 0.7786250114440918,
    "sampling_uncertainty_50_65__reset": 0.7256322503089905,
    "sampling_uncertainty_50_66__reset": 0.7765917181968689,
    "sampling_uncertainty_50_67__reset": 0.7931122183799744,
    "sampling_uncertainty_100_42__reset": 0.7501588463783264,
    "sampling_uncertainty_100_64__reset": 0.7956538200378418,
    "sampling_uncertainty_100_65__reset": 0.7971788048744202,
    "sampling_uncertainty_100_66__reset": 0.7933663725852966,
    "sampling_uncertainty_100_67__reset": 0.74431312084198,
    "sampling_uncertainty_200_42__reset": 0.7241072654724121,
    "sampling_uncertainty_200_64__reset": 0.7333841919898987,
    "sampling_uncertainty_200_65__reset": 0.7556233406066895,
    "sampling_uncertainty_200_66__reset": 0.7242343425750732,
    "sampling_uncertainty_200_67__reset": 0.7096199989318848,
    "sampling_uncertainty_300_42__reset": 0.8154784440994263,
    "sampling_uncertainty_300_64__reset": 0.8041682839393616,
    "sampling_uncertainty_300_65__reset": 0.7879018783569336,
    "sampling_uncertainty_300_66__reset": 0.7922226190567017,
    "sampling_uncertainty_300_67__reset": 0.7640106678009033,
    "sampling_uncertainty_500_42__reset": 0.8220866918563843,
    "sampling_uncertainty_500_64__reset": 0.7941288352012634,
    "sampling_uncertainty_500_65__reset": 0.774304211139679,
    "sampling_uncertainty_500_66__reset": 0.7825645208358765,
    "sampling_uncertainty_500_67__reset": 0.8056932091712952,
    "sampling_uncertainty_1000_42__reset": 0.6862371563911438,
    "sampling_uncertainty_1000_64__reset": 0.6622188091278076,
    "sampling_uncertainty_1000_65__reset": 0.788283109664917,
    "sampling_uncertainty_1000_66__reset": 0.817384660243988,
    "sampling_uncertainty_1000_67__reset": 0.7230905890464783,
    "sampling_entropy_50_42__reset": 0.7697293162345886,
    "sampling_entropy_50_64__reset": 0.7688397765159607,
    "sampling_entropy_50_65__reset": 0.792730987071991,
    "sampling_entropy_50_66__reset": 0.764646053314209,
    "sampling_entropy_50_67__reset": 0.7801499366760254,
    "sampling_entropy_100_42__reset": 0.7859956622123718,
    "sampling_entropy_100_64__reset": 0.7908247709274292,
    "sampling_entropy_100_65__reset": 0.7831999063491821,
    "sampling_entropy_100_66__reset": 0.7258864045143127,
    "sampling_entropy_100_67__reset": 0.7370694875717163,
    "sampling_entropy_200_42__reset": 0.7305883765220642,
    "sampling_entropy_200_64__reset": 0.7162282466888428,
    "sampling_entropy_200_65__reset": 0.7406277656555176,
    "sampling_entropy_200_66__reset": 0.7063159346580505,
    "sampling_entropy_200_67__reset": 0.7623586058616638,
    "sampling_entropy_300_42__reset": 0.8079806566238403,
    "sampling_entropy_300_64__reset": 0.8109035491943359,
    "sampling_entropy_300_65__reset": 0.765789806842804,
    "sampling_entropy_300_66__reset": 0.7710001468658447,
    "sampling_entropy_300_67__reset": 0.7912060022354126,
    "sampling_entropy_500_42__reset": 0.7967975735664368,
    "sampling_entropy_500_64__reset": 0.7338925004005432,
    "sampling_entropy_500_65__reset": 0.8091244101524353,
    "sampling_entropy_500_66__reset": 0.7374507784843445,
    "sampling_entropy_500_67__reset": 0.8008641600608826,
    "sampling_entropy_1000_42__reset": 0.7200406789779663,
    "sampling_entropy_1000_64__reset": 0.7710001468658447,
    "sampling_entropy_1000_65__reset": 0.7760833501815796,
    "sampling_entropy_1000_66__reset": 0.7205489873886108,
    "sampling_entropy_1000_67__reset": 0.7816749215126038,
    "sampling_margin_50_42__reset": 0.8091244101524353,
    "sampling_margin_50_64__reset": 0.7913330793380737,
    "sampling_margin_50_65__reset": 0.7675689458847046,
    "sampling_margin_50_66__reset": 0.7872664928436279,
    "sampling_margin_50_67__reset": 0.7370694875717163,
    "sampling_margin_100_42__reset": 0.7426610589027405,
    "sampling_margin_100_64__reset": 0.7613419890403748,
    "sampling_margin_100_65__reset": 0.7716355323791504,
    "sampling_margin_100_66__reset": 0.7966704964637756,
    "sampling_margin_100_67__reset": 0.7985767126083374,
    "sampling_margin_200_42__reset": 0.746473491191864,
    "sampling_margin_200_64__reset": 0.7267759442329407,
    "sampling_margin_200_65__reset": 0.7417715191841125,
    "sampling_margin_200_66__reset": 0.7122887372970581,
    "sampling_margin_200_67__reset": 0.7130511999130249,
    "sampling_margin_300_42__reset": 0.7398653030395508,
    "sampling_margin_300_64__reset": 0.7923497557640076,
    "sampling_margin_300_65__reset": 0.7998474836349487,
    "sampling_margin_300_66__reset": 0.8111577033996582,
    "sampling_margin_300_67__reset": 0.8337781429290771,
    "sampling_margin_500_42__reset": 0.8106493949890137,
    "sampling_margin_500_64__reset": 0.7285550832748413,
    "sampling_margin_500_65__reset": 0.7798957824707031,
    "sampling_margin_500_66__reset": 0.8158596754074097,
    "sampling_margin_500_67__reset": 0.8284407258033752,
    "sampling_margin_1000_42__reset": 0.8054390549659729,
    "sampling_margin_1000_64__reset": 0.7290633916854858,
    "sampling_margin_1000_65__reset": 0.8082348704338074,
    "sampling_margin_1000_66__reset": 0.8039140701293945,
    "sampling_margin_1000_67__reset": 0.7729063630104065,
    "full_uncertainty_500_42__reset": 0.7924768328666687,
    "full_uncertainty_500_64__reset": 0.8398780226707458,
    "full_uncertainty_500_65__reset": 0.8271698951721191,
    "full_uncertainty_500_66__reset": 0.7321133613586426,
    "full_uncertainty_500_67__reset": 0.8159868121147156
}